ISOYear,ISOWeek,DiseaseName,NHSRegion,Denom,Numerator,DiseaseRate
2004,1,Influenza-like illness,National,1735109,287,16.54074758
2004,2,Influenza-like illness,National,1704360,319,18.71670304
2004,3,Influenza-like illness,National,1698070,210,12.36698134
2004,4,Influenza-like illness,National,1646214,145,8.808089349
2004,5,Influenza-like illness,National,1703188,112,6.575903541
2004,6,Influenza-like illness,National,1681872,115,6.837619034
2004,7,Influenza-like illness,National,1689794,81,4.793483703
2004,8,Influenza-like illness,National,1691084,84,4.967228121
2004,9,Influenza-like illness,National,1675453,79,4.715142711
2004,10,Influenza-like illness,National,1682671,79,4.694916594
2004,11,Influenza-like illness,National,1663753,91,5.469561888
2004,12,Influenza-like illness,National,1683362,105,6.237517539
2004,13,Influenza-like illness,National,1694261,73,4.308663187
2004,14,Influenza-like illness,National,1705598,81,4.749067482
2004,15,Influenza-like illness,National,1710861,50,2.922505101
2004,16,Influenza-like illness,National,1703582,53,3.111091805
2004,17,Influenza-like illness,National,1686541,62,3.676163224
2004,18,Influenza-like illness,National,1731813,30,1.732288648
2004,19,Influenza-like illness,National,1684212,30,1.781248441
2004,20,Influenza-like illness,National,1742224,55,3.156884534
2004,21,Influenza-like illness,National,1703580,48,2.817595886
2004,22,Influenza-like illness,National,1731885,41,2.367362729
2004,23,Influenza-like illness,National,1701635,39,2.291913366
2004,24,Influenza-like illness,National,1733974,38,2.191497681
2004,25,Influenza-like illness,National,1734092,36,2.076014421
2004,26,Influenza-like illness,National,1707906,40,2.34204927
2004,27,Influenza-like illness,National,1697731,31,1.82596654
2004,28,Influenza-like illness,National,1691631,36,2.128123687
2004,29,Influenza-like illness,National,1686069,55,3.262025457
2004,30,Influenza-like illness,National,1737489,35,2.014401242
2004,31,Influenza-like illness,National,1699421,40,2.353742834
2004,32,Influenza-like illness,National,1681378,38,2.260050982
2004,33,Influenza-like illness,National,1656980,30,1.810522758
2004,34,Influenza-like illness,National,1679656,21,1.250256005
2004,35,Influenza-like illness,National,1631035,21,1.287526019
2004,36,Influenza-like illness,National,1702742,29,1.703135296
2004,37,Influenza-like illness,National,1685599,39,2.313717557
2004,38,Influenza-like illness,National,1690511,53,3.13514671
2004,39,Influenza-like illness,National,1716313,84,4.894212186
2004,40,Influenza-like illness,National,1715819,98,5.711558154
2004,41,Influenza-like illness,National,1760119,114,6.476834805
2004,42,Influenza-like illness,National,1726945,126,7.296121185
2004,43,Influenza-like illness,National,1729584,103,5.955189225
2004,44,Influenza-like illness,National,1730900,105,6.066208331
2004,45,Influenza-like illness,National,1735297,114,6.569480613
2004,46,Influenza-like illness,National,1746595,120,6.870510908
2004,47,Influenza-like illness,National,1759183,124,7.048726596
2004,48,Influenza-like illness,National,1762316,116,6.582247452
2004,49,Influenza-like illness,National,1769108,147,8.309272243
2004,50,Influenza-like illness,National,1779182,164,9.217719154
2004,51,Influenza-like illness,National,1747766,227,12.98800869
2004,52,Influenza-like illness,National,1785848,265,14.83888886
2004,53,Influenza-like illness,National,1793452,260,14.49718197
2005,1,Influenza-like illness,National,1746328,413,23.64962367
2005,2,Influenza-like illness,National,1744718,424,24.30192157
2005,3,Influenza-like illness,National,1767937,308,17.42143527
2005,4,Influenza-like illness,National,1792105,369,20.59031139
2005,5,Influenza-like illness,National,1782880,385,21.59427443
2005,6,Influenza-like illness,National,1741230,360,20.67504006
2005,7,Influenza-like illness,National,1744048,279,15.99726613
2005,8,Influenza-like illness,National,1788803,290,16.2119585
2005,9,Influenza-like illness,National,1779735,313,17.58688794
2005,10,Influenza-like illness,National,1738616,318,18.2904103
2005,11,Influenza-like illness,National,1786901,291,16.28517752
2005,12,Influenza-like illness,National,1744287,233,13.35789351
2005,13,Influenza-like illness,National,1754167,170,9.69120956
2005,14,Influenza-like illness,National,1774759,112,6.31071599
2005,15,Influenza-like illness,National,1770537,121,6.8340848
2005,16,Influenza-like illness,National,1774621,83,4.677054988
2005,17,Influenza-like illness,National,1786304,80,4.478521013
2005,18,Influenza-like illness,National,1729219,51,2.949308329
2005,19,Influenza-like illness,National,1773769,63,3.551758995
2005,20,Influenza-like illness,National,1773308,79,4.45495086
2005,21,Influenza-like illness,National,1760157,62,3.522413057
2005,22,Influenza-like illness,National,1731660,31,1.79018976
2005,23,Influenza-like illness,National,1782561,50,2.804953098
2005,24,Influenza-like illness,National,1805415,46,2.547890651
2005,25,Influenza-like illness,National,1810819,35,1.93282708
2005,26,Influenza-like illness,National,1790981,27,1.507553681
2005,27,Influenza-like illness,National,1745806,31,1.775684125
2005,28,Influenza-like illness,National,1755650,40,2.278358443
2005,29,Influenza-like illness,National,1721059,30,1.743112816
2005,30,Influenza-like illness,National,1743527,41,2.35155521
2005,31,Influenza-like illness,National,1750718,33,1.884940921
2005,32,Influenza-like illness,National,1780676,43,2.414813251
2005,33,Influenza-like illness,National,1756890,39,2.219831634
2005,34,Influenza-like illness,National,1755505,47,2.677292289
2005,35,Influenza-like illness,National,1749696,48,2.743333699
2005,36,Influenza-like illness,National,1778567,49,2.75502694
2005,37,Influenza-like illness,National,1754607,36,2.051741501
2005,38,Influenza-like illness,National,1774639,47,2.648425962
2005,39,Influenza-like illness,National,1799376,81,4.501560541
2005,40,Influenza-like illness,National,1810403,99,5.468395711
2005,41,Influenza-like illness,National,1826719,138,7.554528091
2005,42,Influenza-like illness,National,1822099,133,7.299274079
2005,43,Influenza-like illness,National,1849468,120,6.488352326
2005,44,Influenza-like illness,National,1808647,117,6.468924008
2005,45,Influenza-like illness,National,1837166,107,5.824187907
2005,46,Influenza-like illness,National,1813970,96,5.292259519
2005,47,Influenza-like illness,National,1829290,125,6.833252245
2005,48,Influenza-like illness,National,1827505,157,8.590947768
2005,49,Influenza-like illness,National,1836849,140,7.621747895
2005,50,Influenza-like illness,National,1864957,157,8.418424661
2005,51,Influenza-like illness,National,1860944,176,9.457565623
2005,52,Influenza-like illness,National,1883378,141,7.486548107
2006,1,Influenza-like illness,National,1826958,215,11.76819609
2006,2,Influenza-like illness,National,1855195,257,13.85299119
2006,3,Influenza-like illness,National,1846822,228,12.34553195
2006,4,Influenza-like illness,National,1873961,222,11.84656458
2006,5,Influenza-like illness,National,1877547,354,18.8543882
2006,6,Influenza-like illness,National,1848338,458,24.77901769
2006,7,Influenza-like illness,National,1858508,473,25.45052268
2006,8,Influenza-like illness,National,1852798,353,19.05226582
2006,9,Influenza-like illness,National,1821940,276,15.14868766
2006,10,Influenza-like illness,National,1859406,244,13.12247029
2006,11,Influenza-like illness,National,1842598,269,14.59895213
2006,12,Influenza-like illness,National,1838341,269,14.63275856
2006,13,Influenza-like illness,National,1846048,261,14.1383106
2006,14,Influenza-like illness,National,1841259,158,8.581085008
2006,15,Influenza-like illness,National,1804079,107,5.93100413
2006,16,Influenza-like illness,National,1840689,102,5.541403246
2006,17,Influenza-like illness,National,1843937,100,5.423178775
2006,18,Influenza-like illness,National,1867456,68,3.641317386
2006,19,Influenza-like illness,National,1873884,65,3.468731256
2006,20,Influenza-like illness,National,1845360,60,3.251398101
2006,21,Influenza-like illness,National,1839893,61,3.31541019
2006,22,Influenza-like illness,National,1847924,40,2.164591184
2006,23,Influenza-like illness,National,1885937,49,2.598177988
2006,24,Influenza-like illness,National,1856379,30,1.616049309
2006,25,Influenza-like illness,National,1864646,38,2.037920334
2006,26,Influenza-like illness,National,1874305,38,2.027418163
2006,27,Influenza-like illness,National,1876022,23,1.225998416
2006,28,Influenza-like illness,National,1812496,39,2.151728887
2006,29,Influenza-like illness,National,1817679,20,1.100304289
2006,30,Influenza-like illness,National,1812732,18,0.992976347
2006,31,Influenza-like illness,National,1801148,22,1.221443213
2006,32,Influenza-like illness,National,1783098,28,1.570300679
2006,33,Influenza-like illness,National,1775346,33,1.858792596
2006,34,Influenza-like illness,National,1825135,32,1.753294962
2006,35,Influenza-like illness,National,1745541,31,1.775953701
2006,36,Influenza-like illness,National,1807601,57,3.153350767
2006,37,Influenza-like illness,National,1806326,58,3.210937561
2006,38,Influenza-like illness,National,1837545,42,2.28565831
2006,39,Influenza-like illness,National,1871670,69,3.686547308
2006,40,Influenza-like illness,National,1862442,76,4.080663988
2006,41,Influenza-like illness,National,1908559,94,4.925181773
2006,42,Influenza-like illness,National,1878543,108,5.749136432
2006,43,Influenza-like illness,National,1864571,79,4.236899533
2006,44,Influenza-like illness,National,1877558,92,4.899981785
2006,45,Influenza-like illness,National,1875106,98,5.226371202
2006,46,Influenza-like illness,National,1900016,118,6.210474017
2006,47,Influenza-like illness,National,1907593,96,5.03252004
2006,48,Influenza-like illness,National,1899104,88,4.633764133
2006,49,Influenza-like illness,National,1924532,111,5.767635976
2006,50,Influenza-like illness,National,1908024,92,4.821742284
2006,51,Influenza-like illness,National,1934172,112,5.79059153
2006,52,Influenza-like illness,National,1857579,108,5.814019215
2007,1,Influenza-like illness,National,1936789,231,11.92695745
2007,2,Influenza-like illness,National,1959831,242,12.34800348
2007,3,Influenza-like illness,National,1911775,231,12.08301186
2007,4,Influenza-like illness,National,1911650,218,11.40376115
2007,5,Influenza-like illness,National,1948906,318,16.31684648
2007,6,Influenza-like illness,National,1956645,474,24.22514048
2007,7,Influenza-like illness,National,1946646,559,28.71605829
2007,8,Influenza-like illness,National,1930756,498,25.79300543
2007,9,Influenza-like illness,National,1932368,364,18.83699171
2007,10,Influenza-like illness,National,1911968,246,12.86632412
2007,11,Influenza-like illness,National,1941572,149,7.674193901
2007,12,Influenza-like illness,National,1946697,135,6.934823447
2007,13,Influenza-like illness,National,1934268,150,7.75487161
2007,14,Influenza-like illness,National,1855981,99,5.33410633
2007,15,Influenza-like illness,National,1861870,78,4.189336527
2007,16,Influenza-like illness,National,1932207,66,3.415783092
2007,17,Influenza-like illness,National,1900459,68,3.578082979
2007,18,Influenza-like illness,National,1958618,62,3.165497305
2007,19,Influenza-like illness,National,1890702,52,2.750301211
2007,20,Influenza-like illness,National,1895218,66,3.482448985
2007,21,Influenza-like illness,National,1983067,64,3.22732414
2007,22,Influenza-like illness,National,1867079,40,2.142383906
2007,23,Influenza-like illness,National,1976910,57,2.883287555
2007,24,Influenza-like illness,National,1974450,37,1.873939578
2007,25,Influenza-like illness,National,1915019,50,2.610940153
2007,26,Influenza-like illness,National,1936033,50,2.582600606
2007,27,Influenza-like illness,National,1933183,46,2.379495371
2007,28,Influenza-like illness,National,1912346,43,2.248547073
2007,29,Influenza-like illness,National,1909721,32,1.675637436
2007,30,Influenza-like illness,National,1914170,47,2.455372302
2007,31,Influenza-like illness,National,1919174,40,2.084229986
2007,32,Influenza-like illness,National,1907619,35,1.834747924
2007,33,Influenza-like illness,National,1872298,33,1.762539938
2007,34,Influenza-like illness,National,1904679,46,2.415105117
2007,35,Influenza-like illness,National,1846124,24,1.300021017
2007,36,Influenza-like illness,National,1879243,33,1.75602623
2007,37,Influenza-like illness,National,1911934,46,2.405940791
2007,38,Influenza-like illness,National,1855951,49,2.640155909
2007,39,Influenza-like illness,National,1881557,66,3.507733223
2007,40,Influenza-like illness,National,1933210,85,4.396832212
2007,41,Influenza-like illness,National,1910597,87,4.553550539
2007,42,Influenza-like illness,National,1907969,116,6.07976335
2007,43,Influenza-like illness,National,1910094,106,5.549465105
2007,44,Influenza-like illness,National,1927822,131,6.79523317
2007,45,Influenza-like illness,National,1966368,129,6.560318313
2007,46,Influenza-like illness,National,1962635,128,6.521844357
2007,47,Influenza-like illness,National,1953198,143,7.321326358
2007,48,Influenza-like illness,National,1962211,189,9.631991667
2007,49,Influenza-like illness,National,1976489,193,9.764789989
2007,50,Influenza-like illness,National,2009424,215,10.69958356
2007,51,Influenza-like illness,National,1957565,243,12.41338091
2007,52,Influenza-like illness,National,1921372,303,15.76998103
2008,1,Influenza-like illness,National,2016207,383,18.99606538
2008,2,Influenza-like illness,National,1959663,395,20.15652691
2008,3,Influenza-like illness,National,1959433,236,12.04430057
2008,4,Influenza-like illness,National,1944149,172,8.847058533
2008,5,Influenza-like illness,National,1973195,160,8.108676537
2008,6,Influenza-like illness,National,1975140,167,8.455096854
2008,7,Influenza-like illness,National,1951747,154,7.890366938
2008,8,Influenza-like illness,National,1969612,158,8.021884513
2008,9,Influenza-like illness,National,1986573,198,9.96691287
2008,10,Influenza-like illness,National,1968285,165,8.38293235
2008,11,Influenza-like illness,National,1960065,183,9.336425068
2008,12,Influenza-like illness,National,1972587,144,7.300058248
2008,13,Influenza-like illness,National,1961980,197,10.04087707
2008,14,Influenza-like illness,National,1973343,211,10.69251519
2008,15,Influenza-like illness,National,1984853,151,7.607616282
2008,16,Influenza-like illness,National,1942852,166,8.544140264
2008,17,Influenza-like illness,National,1994182,142,7.120714157
2008,18,Influenza-like illness,National,1974420,94,4.760891806
2008,19,Influenza-like illness,National,1922211,73,3.797710033
2008,20,Influenza-like illness,National,1988245,61,3.06803236
2008,21,Influenza-like illness,National,1978357,61,3.083366652
2008,22,Influenza-like illness,National,1927960,47,2.437809913
2008,23,Influenza-like illness,National,1977656,58,2.932764849
2008,24,Influenza-like illness,National,2020904,42,2.07827784
2008,25,Influenza-like illness,National,1999554,50,2.500557624
2008,26,Influenza-like illness,National,1991139,53,2.661793074
2008,27,Influenza-like illness,National,1965086,44,2.239087755
2008,28,Influenza-like illness,National,1947576,41,2.105181004
2008,29,Influenza-like illness,National,1980884,45,2.271713033
2008,30,Influenza-like illness,National,1964952,38,1.933889479
2008,31,Influenza-like illness,National,1944115,39,2.006054169
2008,32,Influenza-like illness,National,1924491,27,1.402968369
2008,33,Influenza-like illness,National,1980803,34,1.716475591
2008,34,Influenza-like illness,National,1912160,28,1.46431261
2008,35,Influenza-like illness,National,1863013,30,1.610294722
2008,36,Influenza-like illness,National,1924261,42,2.182656095
2008,37,Influenza-like illness,National,1926009,35,1.817229307
2008,38,Influenza-like illness,National,2008826,46,2.289894695
2008,39,Influenza-like illness,National,2006372,71,3.53872562
2008,40,Influenza-like illness,National,2023365,79,3.904386999
2008,41,Influenza-like illness,National,2034817,96,4.717868978
2008,42,Influenza-like illness,National,2019943,111,5.495204568
2008,43,Influenza-like illness,National,1961145,102,5.201043268
2008,44,Influenza-like illness,National,2010873,95,4.724316255
2008,45,Influenza-like illness,National,2038101,146,7.16353115
2008,46,Influenza-like illness,National,2023114,147,7.266026531
2008,47,Influenza-like illness,National,2022392,203,10.03761882
2008,48,Influenza-like illness,National,2001345,260,12.99126338
2008,49,Influenza-like illness,National,2022189,319,15.77498444
2008,50,Influenza-like illness,National,2057304,518,25.17858323
2008,51,Influenza-like illness,National,2060499,881,42.75663322
2008,52,Influenza-like illness,National,1962095,545,27.77643284
2009,1,Influenza-like illness,National,2012284,733,36.42626985
2009,2,Influenza-like illness,National,2021121,645,31.91298294
2009,3,Influenza-like illness,National,1997939,425,21.27192071
2009,4,Influenza-like illness,National,1985107,249,12.54340446
2009,5,Influenza-like illness,National,2033506,166,8.16324122
2009,6,Influenza-like illness,National,1977001,128,6.474452972
2009,7,Influenza-like illness,National,2028290,124,6.1135242
2009,8,Influenza-like illness,National,1983901,116,5.847065957
2009,9,Influenza-like illness,National,1975237,109,5.518325143
2009,10,Influenza-like illness,National,2006211,104,5.183901394
2009,11,Influenza-like illness,National,1987144,90,4.529113139
2009,12,Influenza-like illness,National,1982173,81,4.086424343
2009,13,Influenza-like illness,National,1978702,81,4.093592668
2009,14,Influenza-like illness,National,1975245,67,3.391984285
2009,15,Influenza-like illness,National,1959013,48,2.450213449
2009,16,Influenza-like illness,National,1946172,42,2.158082636
2009,17,Influenza-like illness,National,1971337,57,2.891438653
2009,18,Influenza-like illness,National,1985973,166,8.358623204
2009,19,Influenza-like illness,National,1949362,158,8.105215963
2009,20,Influenza-like illness,National,1998577,147,7.355233248
2009,21,Influenza-like illness,National,1949686,113,5.795805068
2009,22,Influenza-like illness,National,1891902,63,3.329982208
2009,23,Influenza-like illness,National,1995625,85,4.259317256
2009,24,Influenza-like illness,National,1968226,117,5.944439307
2009,25,Influenza-like illness,National,1976693,176,8.903759967
2009,26,Influenza-like illness,National,1979773,370,18.68901132
2009,27,Influenza-like illness,National,2010609,632,31.43326226
2009,28,Influenza-like illness,National,2002022,1240,61.93738131
2009,29,Influenza-like illness,National,2004905,2950,147.1391413
2009,30,Influenza-like illness,National,1993312,2659,133.3960765
2009,31,Influenza-like illness,National,1929434,771,39.95990534
2009,32,Influenza-like illness,National,1977694,569,28.77088164
2009,33,Influenza-like illness,National,1948165,377,19.35154363
2009,34,Influenza-like illness,National,1986769,235,11.82824979
2009,35,Influenza-like illness,National,1943038,181,9.315309325
2009,36,Influenza-like illness,National,1874197,145,7.736646681
2009,37,Influenza-like illness,National,1949014,183,9.389363032
2009,38,Influenza-like illness,National,1992020,239,11.99787151
2009,39,Influenza-like illness,National,1992746,334,16.76079139
2009,40,Influenza-like illness,National,2031713,409,20.13079603
2009,41,Influenza-like illness,National,2038364,431,21.14440797
2009,42,Influenza-like illness,National,2037679,559,27.43317274
2009,43,Influenza-like illness,National,2012231,687,34.14120943
2009,44,Influenza-like illness,National,2046565,621,30.34352684
2009,45,Influenza-like illness,National,2012442,583,28.969779
2009,46,Influenza-like illness,National,2009703,513,25.52615984
2009,47,Influenza-like illness,National,2060286,560,27.18069239
2009,48,Influenza-like illness,National,2031536,477,23.47977097
2009,49,Influenza-like illness,National,2082215,474,22.76421983
2009,50,Influenza-like illness,National,2031478,396,19.49319658
2009,51,Influenza-like illness,National,2059285,352,17.09331151
2009,52,Influenza-like illness,National,2003163,206,10.28373627
2009,53,Influenza-like illness,National,2023495,199,9.834469569
2010,1,Influenza-like illness,National,2032283,306,15.05695811
2010,2,Influenza-like illness,National,2075297,217,10.45633468
2010,3,Influenza-like illness,National,2039045,184,9.023832235
2010,4,Influenza-like illness,National,2002149,173,8.640715551
2010,5,Influenza-like illness,National,2036754,162,7.953832422
2010,6,Influenza-like illness,National,2055392,173,8.416885927
2010,7,Influenza-like illness,National,2047422,132,6.447132052
2010,8,Influenza-like illness,National,2017530,129,6.393956967
2010,9,Influenza-like illness,National,2006697,117,5.830476649
2010,10,Influenza-like illness,National,2013478,103,5.115526467
2010,11,Influenza-like illness,National,2029331,123,6.06111078
2010,12,Influenza-like illness,National,2012766,114,5.66384766
2010,13,Influenza-like illness,National,1986521,75,3.775444609
2010,14,Influenza-like illness,National,1977340,70,3.54010944
2010,15,Influenza-like illness,National,2042039,61,2.987210332
2010,16,Influenza-like illness,National,2029782,78,3.842777205
2010,17,Influenza-like illness,National,2005841,67,3.340244815
2010,18,Influenza-like illness,National,1988981,52,2.614404059
2010,19,Influenza-like illness,National,2031251,69,3.396921405
2010,20,Influenza-like illness,National,2028997,60,2.957126107
2010,21,Influenza-like illness,National,2041016,52,2.547750728
2010,22,Influenza-like illness,National,1981161,45,2.271395409
2010,23,Influenza-like illness,National,2018807,45,2.22903923
2010,24,Influenza-like illness,National,2037922,40,1.962783659
2010,25,Influenza-like illness,National,1995850,29,1.453015006
2010,26,Influenza-like illness,National,2047831,36,1.757957566
2010,27,Influenza-like illness,National,2036220,35,1.718871242
2010,28,Influenza-like illness,National,1993307,38,1.9063797
2010,29,Influenza-like illness,National,1951358,47,2.408579051
2010,30,Influenza-like illness,National,1977009,42,2.124421285
2010,31,Influenza-like illness,National,2003275,26,1.29787473
2010,32,Influenza-like illness,National,1952785,39,1.997147663
2010,33,Influenza-like illness,National,1995520,38,1.904265555
2010,34,Influenza-like illness,National,2000935,41,2.049042073
2010,35,Influenza-like illness,National,1995671,35,1.753796092
2010,36,Influenza-like illness,National,2029307,46,2.266783685
2010,37,Influenza-like illness,National,1973203,78,3.952963785
2010,38,Influenza-like illness,National,2029632,93,4.582111437
2010,39,Influenza-like illness,National,2060443,100,4.853325232
2010,40,Influenza-like illness,National,2015510,119,5.90421283
2010,41,Influenza-like illness,National,2061867,143,6.93546189
2010,42,Influenza-like illness,National,2051963,158,7.699943907
2010,43,Influenza-like illness,National,2054422,144,7.009270734
2010,44,Influenza-like illness,National,2046676,144,7.035798534
2010,45,Influenza-like illness,National,2024037,128,6.323995065
2010,46,Influenza-like illness,National,2064819,134,6.489672945
2010,47,Influenza-like illness,National,2057902,186,9.038331271
2010,48,Influenza-like illness,National,2057829,257,12.48888999
2010,49,Influenza-like illness,National,2091910,498,23.80599548
2010,50,Influenza-like illness,National,2092968,1307,62.44720416
2010,51,Influenza-like illness,National,2112680,1976,93.53049208
2010,52,Influenza-like illness,National,2081777,1806,86.75280782
2011,1,Influenza-like illness,National,2075341,1948,93.8640927
2011,2,Influenza-like illness,National,2103795,1281,60.88996314
2011,3,Influenza-like illness,National,2032918,663,32.61321903
2011,4,Influenza-like illness,National,2037055,439,21.55071905
2011,5,Influenza-like illness,National,2053481,368,17.92078914
2011,6,Influenza-like illness,National,2082483,278,13.34944871
2011,7,Influenza-like illness,National,2083336,188,9.023988449
2011,8,Influenza-like illness,National,2035179,168,8.254802157
2011,9,Influenza-like illness,National,2081828,146,7.013067362
2011,10,Influenza-like illness,National,2037104,146,7.167037127
2011,11,Influenza-like illness,National,2071836,137,6.612492495
2011,12,Influenza-like illness,National,2065021,123,5.956355892
2011,13,Influenza-like illness,National,2119900,122,5.754988443
2011,14,Influenza-like illness,National,2078813,102,4.906646245
2011,15,Influenza-like illness,National,2040488,95,4.655749017
2011,16,Influenza-like illness,National,2079607,39,1.875354334
2011,17,Influenza-like illness,National,1976184,35,1.771090141
2011,18,Influenza-like illness,National,2053912,44,2.142253417
2011,19,Influenza-like illness,National,2073748,43,2.073540276
2011,20,Influenza-like illness,National,2081655,52,2.498012399
2011,21,Influenza-like illness,National,2039792,54,2.647328747
2011,22,Influenza-like illness,National,1978651,44,2.223737284
2011,23,Influenza-like illness,National,2069341,60,2.899473794
2011,24,Influenza-like illness,National,2044254,52,2.543715213
2011,25,Influenza-like illness,National,2049909,53,2.585480624
2011,26,Influenza-like illness,National,2077163,32,1.540562777
2011,27,Influenza-like illness,National,2053795,38,1.850233349
2011,28,Influenza-like illness,National,2023509,62,3.063984395
2011,29,Influenza-like illness,National,2015214,55,2.729238681
2011,30,Influenza-like illness,National,2040854,46,2.253958392
2011,31,Influenza-like illness,National,2035027,41,2.014715284
2011,32,Influenza-like illness,National,1991962,40,2.008070435
2011,33,Influenza-like illness,National,2002862,38,1.897284985
2011,34,Influenza-like illness,National,2009431,48,2.388735916
2011,35,Influenza-like illness,National,1989779,36,1.809246152
2011,36,Influenza-like illness,National,2042648,61,2.986319718
2011,37,Influenza-like illness,National,2006377,63,3.139988148
2011,38,Influenza-like illness,National,2044184,71,3.473268551
2011,39,Influenza-like illness,National,2042575,104,5.091612303
2011,40,Influenza-like illness,National,2045107,108,5.280897283
2011,41,Influenza-like illness,National,2034665,124,6.094369343
2011,42,Influenza-like illness,National,2085905,144,6.903478346
2011,43,Influenza-like illness,National,2040608,137,6.713685333
2011,44,Influenza-like illness,National,2068664,150,7.251056721
2011,45,Influenza-like illness,National,2103597,153,7.273256237
2011,46,Influenza-like illness,National,2077737,150,7.219393022
2011,47,Influenza-like illness,National,2083967,183,8.781329071
2011,48,Influenza-like illness,National,2145591,150,6.991080779
2011,49,Influenza-like illness,National,2097880,179,8.532423208
2011,50,Influenza-like illness,National,2142850,139,6.486688289
2011,51,Influenza-like illness,National,2135962,156,7.303500718
2011,52,Influenza-like illness,National,2040068,107,5.244923208
2012,1,Influenza-like illness,National,2111337,184,8.714856984
2012,2,Influenza-like illness,National,2083236,171,8.208383496
2012,3,Influenza-like illness,National,2069311,129,6.233959033
2012,4,Influenza-like illness,National,2106110,154,7.312058724
2012,5,Influenza-like illness,National,2054913,177,8.613503345
2012,6,Influenza-like illness,National,2094040,213,10.17172547
2012,7,Influenza-like illness,National,2123801,298,14.03144645
2012,8,Influenza-like illness,National,2105667,266,12.63257676
2012,9,Influenza-like illness,National,2117784,239,11.28538132
2012,10,Influenza-like illness,National,2132958,214,10.03301518
2012,11,Influenza-like illness,National,2120169,236,11.13118813
2012,12,Influenza-like illness,National,2139940,204,9.53297756
2012,13,Influenza-like illness,National,2128264,166,7.799784237
2012,14,Influenza-like illness,National,2049508,103,5.025596387
2012,15,Influenza-like illness,National,2056367,92,4.47390957
2012,16,Influenza-like illness,National,2104162,95,4.514861498
2012,17,Influenza-like illness,National,2043713,96,4.697332747
2012,18,Influenza-like illness,National,2069451,98,4.735555469
2012,19,Influenza-like illness,National,2084848,85,4.077035832
2012,20,Influenza-like illness,National,2117726,88,4.155400651
2012,21,Influenza-like illness,National,2142132,64,2.987677697
2012,22,Influenza-like illness,National,2132655,57,2.672724843
2012,23,Influenza-like illness,National,2022304,30,1.483456493
2012,24,Influenza-like illness,National,2088391,54,2.585722693
2012,25,Influenza-like illness,National,2082218,61,2.929568374
2012,26,Influenza-like illness,National,2134052,57,2.670975215
2012,27,Influenza-like illness,National,2056861,69,3.354626297
2012,28,Influenza-like illness,National,2093101,57,2.72323218
2012,29,Influenza-like illness,National,2117163,52,2.456116983
2012,30,Influenza-like illness,National,2089848,43,2.057565909
2012,31,Influenza-like illness,National,2095363,45,2.147599247
2012,32,Influenza-like illness,National,2049639,45,2.195508575
2012,33,Influenza-like illness,National,2028912,36,1.774349996
2012,34,Influenza-like illness,National,2046491,36,1.75910864
2012,35,Influenza-like illness,National,2025290,33,1.629396284
2012,36,Influenza-like illness,National,2071921,44,2.123633092
2012,37,Influenza-like illness,National,2071293,44,2.124276961
2012,38,Influenza-like illness,National,2068293,62,2.99764105
2012,39,Influenza-like illness,National,2105335,90,4.274854121
2012,40,Influenza-like illness,National,2137134,103,4.819538691
2012,41,Influenza-like illness,National,2140001,135,6.308408267
2012,42,Influenza-like illness,National,2141210,118,5.510902714
2012,43,Influenza-like illness,National,2093057,124,5.924348931
2012,44,Influenza-like illness,National,2100877,127,6.045094501
2012,45,Influenza-like illness,National,2114905,120,5.674013726
2012,46,Influenza-like illness,National,2091322,131,6.263980391
2012,47,Influenza-like illness,National,2141240,135,6.304757991
2012,48,Influenza-like illness,National,2127153,168,7.897880406
2012,49,Influenza-like illness,National,2110735,210,9.949140939
2012,50,Influenza-like illness,National,2182391,268,12.28010929
2012,51,Influenza-like illness,National,2106025,479,22.74426942
2012,52,Influenza-like illness,National,2063582,426,20.64371564
2013,1,Influenza-like illness,National,2209589,608,27.51642953
2013,2,Influenza-like illness,National,2181373,505,23.15055701
2013,3,Influenza-like illness,National,2142046,305,14.23872316
2013,4,Influenza-like illness,National,2146400,352,16.39955274
2013,5,Influenza-like illness,National,2130514,434,20.37067112
2013,6,Influenza-like illness,National,2131418,389,18.25076076
2013,7,Influenza-like illness,National,2199741,389,17.68390006
2013,8,Influenza-like illness,National,2138539,357,16.69363991
2013,9,Influenza-like illness,National,2178341,360,16.52633816
2013,10,Influenza-like illness,National,2137846,323,15.10866545
2013,11,Influenza-like illness,National,2166924,247,11.39864619
2013,12,Influenza-like illness,National,2168325,260,11.99082241
2013,13,Influenza-like illness,National,2114720,145,6.856699705
2013,14,Influenza-like illness,National,2066386,170,8.226923721
2013,15,Influenza-like illness,National,2145961,173,8.061656293
2013,16,Influenza-like illness,National,2116711,111,5.243984654
2013,17,Influenza-like illness,National,2146849,88,4.099030719
2013,18,Influenza-like illness,National,2166778,77,3.55366355
2013,19,Influenza-like illness,National,2176649,58,2.664646436
2013,20,Influenza-like illness,National,2170190,57,2.626498141
2013,21,Influenza-like illness,National,2138506,63,2.945981914
2013,22,Influenza-like illness,National,2124892,29,1.364775245
2013,23,Influenza-like illness,National,2177733,59,2.709239379
2013,24,Influenza-like illness,National,2144808,56,2.610956319
2013,25,Influenza-like illness,National,2213158,58,2.620689531
2013,26,Influenza-like illness,National,2198313,39,1.774087675
2013,27,Influenza-like illness,National,2193742,40,1.823368473
2013,28,Influenza-like illness,National,2192217,36,1.642173197
2013,29,Influenza-like illness,National,2187683,32,1.462734775
2013,30,Influenza-like illness,National,2175342,28,1.287153928
2013,31,Influenza-like illness,National,2147154,34,1.58349145
2013,32,Influenza-like illness,National,2155703,34,1.577211703
2013,33,Influenza-like illness,National,2136495,45,2.106253467
2013,34,Influenza-like illness,National,2159512,33,1.52812302
2013,35,Influenza-like illness,National,2143974,25,1.166058917
2013,36,Influenza-like illness,National,2193275,44,2.006132382
2013,37,Influenza-like illness,National,2143046,40,1.866502166
2013,38,Influenza-like illness,National,2205990,65,2.946522876
2013,39,Influenza-like illness,National,2175547,114,5.240061465
2013,40,Influenza-like illness,National,2247006,95,4.227848079
2013,41,Influenza-like illness,National,2234341,120,5.370711096
2013,42,Influenza-like illness,National,2211066,121,5.472473459
2013,43,Influenza-like illness,National,2206182,127,5.756551363
2013,44,Influenza-like illness,National,2176576,115,5.28352789
2013,45,Influenza-like illness,National,2205326,134,6.076199165
2013,46,Influenza-like illness,National,2173930,147,6.761947257
2013,47,Influenza-like illness,National,2250434,121,5.376740664
2013,48,Influenza-like illness,National,2228504,139,6.237368208
2013,49,Influenza-like illness,National,2256877,141,6.247571312
2013,50,Influenza-like illness,National,2302269,155,6.732488688
2013,51,Influenza-like illness,National,2268681,158,6.964399138
2013,52,Influenza-like illness,National,2172971,91,4.187814748
2014,1,Influenza-like illness,National,2234713,167,7.472995414
2014,2,Influenza-like illness,National,2222407,205,9.224233005
2014,3,Influenza-like illness,National,2229573,180,8.073294752
2014,4,Influenza-like illness,National,2261546,149,6.588413413
2014,5,Influenza-like illness,National,2206445,176,7.976632094
2014,6,Influenza-like illness,National,2255422,247,10.95138737
2014,7,Influenza-like illness,National,2270900,242,10.65656788
2014,8,Influenza-like illness,National,2239203,232,10.36082928
2014,9,Influenza-like illness,National,2249349,211,9.380491867
2014,10,Influenza-like illness,National,2240818,164,7.318755919
2014,11,Influenza-like illness,National,2258338,183,8.103304288
2014,12,Influenza-like illness,National,2223503,164,7.375748987
2014,13,Influenza-like illness,National,2252421,162,7.192261127
2014,14,Influenza-like illness,National,2260442,155,6.857066007
2014,15,Influenza-like illness,National,2198210,99,4.503664345
2014,16,Influenza-like illness,National,2221999,70,3.150316449
2014,17,Influenza-like illness,National,2244228,80,3.5647002
2014,18,Influenza-like illness,National,2255883,99,4.388525469
2014,19,Influenza-like illness,National,2206024,44,1.994538591
2014,20,Influenza-like illness,National,2273410,64,2.815154328
2014,21,Influenza-like illness,National,2276601,70,3.074759257
2014,22,Influenza-like illness,National,2194686,48,2.187101025
2014,23,Influenza-like illness,National,2225790,73,3.279734386
2014,24,Influenza-like illness,National,2258750,55,2.434975097
2014,25,Influenza-like illness,National,2282632,49,2.14664475
2014,26,Influenza-like illness,National,2263335,52,2.297494626
2014,27,Influenza-like illness,National,2280240,51,2.236606673
2014,28,Influenza-like illness,National,2278299,54,2.370189339
2014,29,Influenza-like illness,National,2256182,23,1.019421306
2014,30,Influenza-like illness,National,2267762,40,1.763853526
2014,31,Influenza-like illness,National,2253690,33,1.464265272
2014,32,Influenza-like illness,National,2283294,31,1.357687621
2014,33,Influenza-like illness,National,2252129,27,1.198865607
2014,34,Influenza-like illness,National,2238586,37,1.652829063
2014,35,Influenza-like illness,National,2226833,39,1.751366178
2014,36,Influenza-like illness,National,2278395,62,2.721213837
2014,37,Influenza-like illness,National,2267209,78,3.440353315
2014,38,Influenza-like illness,National,2277244,71,3.117803801
2014,39,Influenza-like illness,National,2267970,87,3.836029577
2014,40,Influenza-like illness,National,2277875,109,4.785161609
2014,41,Influenza-like illness,National,2240996,136,6.068730154
2014,42,Influenza-like illness,National,2278066,142,6.233357594
2014,43,Influenza-like illness,National,2296211,140,6.097000668
2014,44,Influenza-like illness,National,2333559,129,5.528036788
2014,45,Influenza-like illness,National,2300500,146,6.346446425
2014,46,Influenza-like illness,National,2284633,134,5.865274641
2014,47,Influenza-like illness,National,2302334,151,6.558561877
2014,48,Influenza-like illness,National,2354175,171,7.263691102
2014,49,Influenza-like illness,National,2349236,237,10.08838618
2014,50,Influenza-like illness,National,2358986,318,13.48036826
2014,51,Influenza-like illness,National,2363938,470,19.88207813
2014,52,Influenza-like illness,National,2279655,331,14.51974093
2015,1,Influenza-like illness,National,2383314,548,22.99319351
2015,2,Influenza-like illness,National,2336610,551,23.58117101
2015,3,Influenza-like illness,National,2355516,423,17.95784873
2015,4,Influenza-like illness,National,2283828,333,14.58078279
2015,5,Influenza-like illness,National,2336898,368,15.74737109
2015,6,Influenza-like illness,National,2327766,341,14.6492388
2015,7,Influenza-like illness,National,2358812,447,18.95021731
2015,8,Influenza-like illness,National,2336149,366,15.66680892
2015,9,Influenza-like illness,National,2332551,362,15.51948918
2015,10,Influenza-like illness,National,2319447,319,13.75327826
2015,11,Influenza-like illness,National,2319226,290,12.50417165
2015,12,Influenza-like illness,National,2410207,299,12.40557346
2015,13,Influenza-like illness,National,2335245,298,12.76097369
2015,14,Influenza-like illness,National,2291980,232,10.12225238
2015,15,Influenza-like illness,National,2283846,232,10.15830314
2015,16,Influenza-like illness,National,2322757,193,8.309091308
2015,17,Influenza-like illness,National,2298995,117,5.089180272
2015,18,Influenza-like illness,National,2315043,126,5.442663484
2015,19,Influenza-like illness,National,2332978,80,3.429093631
2015,20,Influenza-like illness,National,2300311,98,4.260293499
2015,21,Influenza-like illness,National,2303580,85,3.689908751
2015,22,Influenza-like illness,National,2292465,50,2.18105838
2015,23,Influenza-like illness,National,2337432,77,3.294213479
2015,24,Influenza-like illness,National,2334178,46,1.970715173
2015,25,Influenza-like illness,National,2319062,47,2.026681477
2015,26,Influenza-like illness,National,2334250,46,1.970654386
2015,27,Influenza-like illness,National,2356366,37,1.570214474
2015,28,Influenza-like illness,National,2339287,40,1.709922724
2015,29,Influenza-like illness,National,2281297,30,1.3150414
2015,30,Influenza-like illness,National,2318855,34,1.466240882
2015,31,Influenza-like illness,National,2323394,35,1.506416906
2015,32,Influenza-like illness,National,2301160,38,1.651341063
2015,33,Influenza-like illness,National,2260573,43,1.902172591
2015,34,Influenza-like illness,National,2321251,51,2.197091137
2015,35,Influenza-like illness,National,2280687,37,1.622318187
2015,36,Influenza-like illness,National,2248682,44,1.956701748
2015,37,Influenza-like illness,National,2286624,56,2.449025288
2015,38,Influenza-like illness,National,2352607,69,2.932916547
2015,39,Influenza-like illness,National,2375625,91,3.830570902
2015,40,Influenza-like illness,National,2366220,113,4.775549188
2015,41,Influenza-like illness,National,2343856,130,5.546415821
2015,42,Influenza-like illness,National,2370864,154,6.495522307
2015,43,Influenza-like illness,National,2336985,153,6.546896963
2015,44,Influenza-like illness,National,2381794,119,4.996233931
2015,45,Influenza-like illness,National,2379807,141,5.924850208
2015,46,Influenza-like illness,National,2419206,153,6.324389076
2015,47,Influenza-like illness,National,2379253,164,6.892919753
2015,48,Influenza-like illness,National,2392088,213,8.904354689
2015,49,Influenza-like illness,National,2413419,186,7.706908746
2015,50,Influenza-like illness,National,2406747,227,9.431818135
2015,51,Influenza-like illness,National,2460077,204,8.292423367
2015,52,Influenza-like illness,National,2363933,157,6.641474187
2015,53,Influenza-like illness,National,2328930,174,7.471242158
2016,1,Influenza-like illness,National,2436810,326,13.37814602
2016,2,Influenza-like illness,National,2396700,288,12.01652272
2016,3,Influenza-like illness,National,2384045,353,14.80676749
2016,4,Influenza-like illness,National,2426869,417,17.18263326
2016,5,Influenza-like illness,National,2349209,421,17.92092572
2016,6,Influenza-like illness,National,2453288,437,17.81282915
2016,7,Influenza-like illness,National,2376987,368,15.48178429
2016,8,Influenza-like illness,National,2402943,445,18.51895779
2016,9,Influenza-like illness,National,2429563,520,21.40302598
2016,10,Influenza-like illness,National,2433157,555,22.80987211
2016,11,Influenza-like illness,National,2392351,628,26.25032865
2016,12,Influenza-like illness,National,2356109,490,20.79700048
2016,13,Influenza-like illness,National,2336763,458,19.59976258
2016,14,Influenza-like illness,National,2402231,402,16.73444394
2016,15,Influenza-like illness,National,2415099,317,13.12575592
2016,16,Influenza-like illness,National,2374315,183,7.707486159
2016,17,Influenza-like illness,National,2389869,178,7.448106988
2016,18,Influenza-like illness,National,2403473,124,5.159200873
2016,19,Influenza-like illness,National,2405749,121,5.029618634
2016,20,Influenza-like illness,National,2390628,101,4.2248313
2016,21,Influenza-like illness,National,2398752,66,2.751430744
2016,22,Influenza-like illness,National,2338372,66,2.822476492
2016,23,Influenza-like illness,National,2384484,40,1.67751178
2016,24,Influenza-like illness,National,2403405,55,2.288419971
2016,25,Influenza-like illness,National,2387216,39,1.633702187
2016,26,Influenza-like illness,National,2372224,54,2.276344898
2016,27,Influenza-like illness,National,2376838,58,2.440216792
2016,28,Influenza-like illness,National,2382219,74,3.106347485
2016,29,Influenza-like illness,National,2393129,38,1.587879299
2016,30,Influenza-like illness,National,2384522,59,2.474290445
2016,31,Influenza-like illness,National,2328161,51,2.190570154
2016,32,Influenza-like illness,National,2364424,41,1.73403755
2016,33,Influenza-like illness,National,2358153,44,1.865867058
2016,34,Influenza-like illness,National,2358232,21,0.890497627
2016,35,Influenza-like illness,National,2348839,40,1.702968999
2016,36,Influenza-like illness,National,2367521,42,1.774007496
2016,37,Influenza-like illness,National,2370302,42,1.771926109
2016,38,Influenza-like illness,National,2374515,79,3.326995197
2016,39,Influenza-like illness,National,2449865,125,5.102321965
2016,40,Influenza-like illness,National,2406484,148,6.150051278
2016,41,Influenza-like illness,National,2379213,177,7.439434805
2016,42,Influenza-like illness,National,2406246,155,6.44156915
2016,43,Influenza-like illness,National,2384635,160,6.709622227
2016,44,Influenza-like illness,National,2393478,177,7.395096174
2016,45,Influenza-like illness,National,2424667,147,6.062688196
2016,46,Influenza-like illness,National,2405581,171,7.108469846
2016,47,Influenza-like illness,National,2438729,190,7.790943561
2016,48,Influenza-like illness,National,2450150,195,7.958696406
2016,49,Influenza-like illness,National,2449125,241,9.840249069
2016,50,Influenza-like illness,National,2488208,320,12.86066117
2016,51,Influenza-like illness,National,2431862,371,15.25579988
2016,52,Influenza-like illness,National,2390859,300,12.5477914
2017,1,Influenza-like illness,National,2451931,425,17.33327732
2017,2,Influenza-like illness,National,2463065,435,17.66092247
2017,3,Influenza-like illness,National,2424129,379,15.6344815
2017,4,Influenza-like illness,National,2446085,378,15.45326512
2017,5,Influenza-like illness,National,2439548,431,17.6672072
2017,6,Influenza-like illness,National,2468733,363,14.70389872
2017,7,Influenza-like illness,National,2434409,291,11.95361995
2017,8,Influenza-like illness,National,2479468,222,8.953533581
2017,9,Influenza-like illness,National,2447753,187,7.639659721
2017,10,Influenza-like illness,National,2435714,177,7.266863023
2017,11,Influenza-like illness,National,2480255,108,4.35439098
2017,12,Influenza-like illness,National,2429800,124,5.103300683
2017,13,Influenza-like illness,National,2450770,105,4.28436777
2017,14,Influenza-like illness,National,2497954,74,2.962424448
2017,15,Influenza-like illness,National,2434440,61,2.505709732
2017,16,Influenza-like illness,National,2388010,56,2.345048806
2017,17,Influenza-like illness,National,2430925,63,2.591606076
2017,18,Influenza-like illness,National,2380381,52,2.184524242
2017,19,Influenza-like illness,National,2440689,82,3.359707034
2017,20,Influenza-like illness,National,2410229,77,3.194717182
2017,21,Influenza-like illness,National,2473860,53,2.142400944
2017,22,Influenza-like illness,National,2406986,36,1.495646423
2017,23,Influenza-like illness,National,2438978,48,1.968037432
2017,24,Influenza-like illness,National,2434414,44,1.807416487
2017,25,Influenza-like illness,National,2445291,26,1.063268135
2017,26,Influenza-like illness,National,2429948,44,1.810738337
2017,27,Influenza-like illness,National,2473794,40,1.616949512
2017,28,Influenza-like illness,National,2467483,33,1.337395232
2017,29,Influenza-like illness,National,2456525,41,1.669024333
2017,30,Influenza-like illness,National,2404715,39,1.621813812
2017,31,Influenza-like illness,National,2467792,34,1.377749827
2017,32,Influenza-like illness,National,2389590,34,1.422838227
2017,33,Influenza-like illness,National,2357920,34,1.441948836
2017,34,Influenza-like illness,National,2435790,37,1.519014365
2017,35,Influenza-like illness,National,2414707,26,1.07673519
2017,36,Influenza-like illness,National,2424362,36,1.484926756
2017,37,Influenza-like illness,National,2444102,52,2.127570781
2017,38,Influenza-like illness,National,2481938,87,3.505325274
2017,39,Influenza-like illness,National,2481542,107,4.311835141
2017,40,Influenza-like illness,National,2509473,144,5.738256598
2017,41,Influenza-like illness,National,2539862,134,5.275877193
2017,42,Influenza-like illness,National,2486464,141,5.670703457
2017,43,Influenza-like illness,National,2450216,145,5.91784561
2017,44,Influenza-like illness,National,2516963,156,6.197945699
2017,45,Influenza-like illness,National,2458753,142,5.775285277
2017,46,Influenza-like illness,National,2505385,134,5.348479375
2017,47,Influenza-like illness,National,2552707,173,6.777119348
2017,48,Influenza-like illness,National,2510845,189,7.527346371
2017,49,Influenza-like illness,National,2505078,201,8.023702256
2017,50,Influenza-like illness,National,2549768,285,11.17748752
2017,51,Influenza-like illness,National,2507000,447,17.83007579
2017,52,Influenza-like illness,National,2471695,527,21.3214009
2018,1,Influenza-like illness,National,2509577,1031,41.0826207
2018,2,Influenza-like illness,National,2546470,1395,54.78171744
2018,3,Influenza-like illness,National,2524003,1353,53.60532456
2018,4,Influenza-like illness,National,2554065,1259,49.29396863
2018,5,Influenza-like illness,National,2535298,1032,40.70527409
2018,6,Influenza-like illness,National,2485997,815,32.78362766
2018,7,Influenza-like illness,National,2501732,724,28.9399504
2018,8,Influenza-like illness,National,2578870,739,28.65596172
2018,9,Influenza-like illness,National,2500934,470,18.79297894
2018,10,Influenza-like illness,National,2504139,527,21.04515764
2018,11,Influenza-like illness,National,2473145,446,18.0337182
2018,12,Influenza-like illness,National,2501803,368,14.70939159
2018,13,Influenza-like illness,National,2438483,243,9.965211978
2018,14,Influenza-like illness,National,2440011,192,7.868816985
2018,15,Influenza-like illness,National,2467297,195,7.90338577
2018,16,Influenza-like illness,National,2499570,104,4.160715643
2018,17,Influenza-like illness,National,2455776,74,3.013304145
2018,18,Influenza-like illness,National,2524026,67,2.654489296
2018,19,Influenza-like illness,National,2465675,39,1.581716974
2018,20,Influenza-like illness,National,2519168,60,2.381738733
2018,21,Influenza-like illness,National,2488906,46,1.848201579
2018,22,Influenza-like illness,National,2452423,25,1.019399997
2018,23,Influenza-like illness,National,2494989,32,1.282570785
2018,24,Influenza-like illness,National,2474015,34,1.374284311
2018,25,Influenza-like illness,National,2468223,37,1.499054178
2018,26,Influenza-like illness,National,2472483,33,1.334690673
2018,27,Influenza-like illness,National,2456107,25,1.017870964
2018,28,Influenza-like illness,National,2465082,29,1.176431453
2018,29,Influenza-like illness,National,2500611,24,0.959765433
2018,30,Influenza-like illness,National,2464504,20,0.811522318
2018,31,Influenza-like illness,National,2464064,21,0.852250591
2018,32,Influenza-like illness,National,2414349,29,1.201151946
2018,33,Influenza-like illness,National,2426599,24,0.989038568
2018,34,Influenza-like illness,National,2383292,35,1.468556937
2018,35,Influenza-like illness,National,2397348,32,1.334808297
2018,36,Influenza-like illness,National,2448653,32,1.306840945
2018,37,Influenza-like illness,National,2458852,47,1.911461121
2018,38,Influenza-like illness,National,2495512,64,2.564603977
2018,40,Influenza-like illness,National,2447474,95,3.881552981
2018,41,Influenza-like illness,National,2497746,97,3.883501365
2018,42,Influenza-like illness,National,2510397,104,4.142771044
2018,43,Influenza-like illness,National,2504649,87,3.473540604
2018,44,Influenza-like illness,National,2482466,93,3.746274873
2018,45,Influenza-like illness,National,2545808,134,5.263554832
2018,46,Influenza-like illness,National,2495742,121,4.848257552
2018,47,Influenza-like illness,National,2489981,164,6.586395639
2018,48,Influenza-like illness,National,2493807,154,6.175297447
2018,49,Influenza-like illness,National,2533049,187,7.382407525
2018,50,Influenza-like illness,National,2483772,199,8.012007543
2018,51,Influenza-like illness,National,2459864,257,10.44773207
2018,52,Influenza-like illness,National,2402674,217,9.031603955
